Point_Name,P,M,e_cc,e_c,e_s,x,curvature,F_error
P0-0,-1000,0,0,0,0,0,0,0
P0-1,-1000,50,0.0008,0.001,0.0005,600,0.00167,0.2
P0-2,-1000,120,0.0015,0.002,0.001,550,0.00364,0.1
P0-3,-1000,200,0.0022,0.003,0.0015,500,0.006,0.05
P0-4,-1000,280,0.0028,0.004,0.002,480,0.00833,0.02
P0-5,-1000,350,0.0032,0.005,0.0025,460,0.01087,0.01
P0-6,-1000,400,0.0035,0.006,0.003,450,0.01333,0.0
P0-7,-1000,420,0.0036,0.007,0.0032,445,0.01573,-0.01
P0-8,-1000,410,0.0034,0.008,0.003,440,0.01818,-0.02
